evento,carburante,V1 – Naïve OLS,V2 – OLS HAC,V3 – ARIMAX/ITS,V4 – SARIMAX,V5 – BSTS CausalImpact,V6 – GLM Gamma,range_meur,mean_meur,sign_agree
Hormuz (Feb 2026),benzina,-5.3,-4.8,-0.6,6.7,-0.1,-4.8,12.0,-1.4833333333333332,✗
Hormuz (Feb 2026),gasolio,-50.8,-32.1,-41.7,-35.9,-42.0,-35.3,18.699999999999996,-39.63333333333333,✓
Iran-Israele (Giu 2025),benzina,8.5,14.8,8.0,15.1,16.1,14.1,8.100000000000001,12.766666666666666,✓
Iran-Israele (Giu 2025),gasolio,10.2,-2.8,-5.2,9.0,10.0,-3.1,15.399999999999999,3.016666666666666,✗
Ucraina (Feb 2022),benzina,7.8,16.0,6.3,6.0,8.2,14.6,10.0,9.816666666666666,✓
Ucraina (Feb 2022),gasolio,-43.5,5.9,-19.8,-28.5,-25.5,-0.9,49.4,-18.71666666666667,✗
