serie,n_obs,mean,median,std,cv_pct,skewness,kurtosis,iqr,min,max,p5,p95,phi_ar1,n_eff,hurst_rs,hurst_interp,jb_stat,jb_p,jb_reject_h0,dag_stat,dag_p,dag_reject_h0,sw_stat,sw_p,sw_reject_h0,adf_stat,adf_p,adf_lags,adf_stationary,kpss_level_stat,kpss_level_p,kpss_level_nonstationary,kpss_trend_stat,kpss_trend_p,kpss_trend_nonstationary,dual_verdict,durbin_watson,lb_lag5_stat,lb_lag5_p,lb_lag10_stat,lb_lag10_p,lb_lag20_stat,lb_lag20_p,arch_lag5_lm,arch_lag5_p,arch_lag5_reject,arch_lag10_lm,arch_lag10_p,arch_lag10_reject
benzina_net,4079,0.6389672811963716,0.60092,0.15456322993868904,24.189537475110196,1.0517389339129302,1.0436094127800155,0.20557499999999995,0.41449,1.21885,0.44949900000000004,0.930457,0.99,20.497487437185946,0.9738,trending/persistent,937.106,0.0,True,608.0462,0.0,True,,,,-1.3329,0.614,26,False,5.2772,0.01,True,0.5445,0.01,True,NON_STAZIONARIA,0.0032,20117.4709,0.0,39835.8296,0.0,78583.445,0.0,4037.2134,0.0,True,4035.4645,0.0,True
gasolio_net,4079,0.6610026624172592,0.6049,0.191140731966004,28.916787001584883,1.1233861462373858,0.8961197973909005,0.23761999999999994,0.3751,1.29763,0.448739,1.104428,0.99,20.497487437185946,0.9899,trending/persistent,994.429,0.0,True,644.4078,0.0,True,,,,-0.8423,0.8064,22,False,5.3175,0.01,True,0.5123,0.01,True,NON_STAZIONARIA,0.0023,20099.072,0.0,39697.2997,0.0,77947.6236,0.0,4034.7005,0.0,True,4031.2074,0.0,True
margin_benzina,4079,0.20443926109931587,0.19439617615376842,0.05027538975210049,24.59184673323432,0.945747413940467,1.4343424663424225,0.06847591496397329,0.008094497150470392,0.45169397771027975,0.1432401206629121,0.2958590735589212,0.9718261900087728,58.28149130816874,0.8747,trending/persistent,957.7307,0.0,True,574.995,0.0,True,,,,-3.8403,0.0025,19,True,5.4086,0.01,True,0.1487,0.0478,True,INCERTO,0.0563,16731.4133,0.0,29482.7221,0.0,52956.1732,0.0,3550.683,0.0,True,3553.529,0.0,True
margin_gasolio,3350,0.19241469529746963,0.19109637587697056,0.053733352587938356,27.925804993671388,0.1215677980000383,3.340846071529791,0.07380879778905985,-0.18348868813542396,0.4366601263924337,0.12601051614065015,0.28245612308846907,0.9445801377461653,95.47384288596528,0.8953,trending/persistent,1566.1763,0.0,True,274.7998,0.0,True,,,,-4.5304,0.0002,25,True,4.5123,0.01,True,0.3216,0.01,True,INCERTO,0.1108,11173.2668,0.0,17220.1283,0.0,28879.5163,0.0,2455.7029,0.0,True,2463.2981,0.0,True
