evento,carburante,V1 – Naïve OLS,V2 – OLS HAC,V3 – ARIMAX/ITS,V4 – SARIMAX,V5 – BSTS CausalImpact,V6 – GLM Gamma,range_meur,mean_meur,sign_agree
Hormuz (Feb 2026),benzina,-4.9,-5.4,-4.9,3.4,-7.9,-5.4,11.3,-4.183333333333334,✗
Hormuz (Feb 2026),gasolio,-47.6,-32.2,-47.6,-38.0,-42.7,-35.4,15.399999999999999,-40.583333333333336,✓
Iran-Israele (Giu 2025),benzina,12.8,14.0,8.0,11.3,11.0,13.5,6.0,11.766666666666666,✓
Iran-Israele (Giu 2025),gasolio,-1.3,-14.5,-1.3,9.5,4.3,-15.0,24.5,-3.0500000000000003,✗
Ucraina (Feb 2022),benzina,28.4,19.9,19.1,14.8,-109.4,18.9,137.8,-1.383333333333334,✗
Ucraina (Feb 2022),gasolio,118.1,43.4,64.5,80.6,256.9,39.5,217.39999999999998,100.5,✓
