Evento,Carburante,RMSE_semplice,MAE_semplice,RMSE_piecewise,MAE_piecewise,Miglioramento_%
Ucraina (Feb 2022),Benzina,0.091712,0.073571,0.067822,0.051208,26.0
Ucraina (Feb 2022),Diesel,0.10104,0.083884,0.066631,0.047292,34.1
Hormuz (Feb 2026),Benzina,0.039767,0.027359,0.01557,0.012277,60.8
Hormuz (Feb 2026),Diesel,0.067414,0.046771,0.029044,0.020697,56.9
