Evento,Serie,BP_p,SW_p,DW
Ucraina (Feb 2022),Brent,0.19804153497677657,0.11900961941414948,0.30726229282015594
Ucraina (Feb 2022),Benzina,0.3493139661716177,4.849071853558881e-05,0.36558695887039455
Ucraina (Feb 2022),Diesel,0.36837741323341144,0.00016616509514931556,0.29356357769530267
Iran-Israele (Giu 2025),Brent,0.4527961242131442,0.06726975028519132,1.2022018577965132
Iran-Israele (Giu 2025),Benzina,0.12308040777085863,0.8690295458167857,0.4223167879065836
Iran-Israele (Giu 2025),Diesel,0.021108464468847985,0.4890634539740188,0.328731578323794
Hormuz (Feb 2026),Brent,0.16850702475505594,0.1504248247635456,1.0909924804031832
Hormuz (Feb 2026),Benzina,0.009842326341594435,0.00032324281895259894,1.3159476699945776
Hormuz (Feb 2026),Diesel,0.13603550466819167,0.6816989404846564,0.9289554162486664
